n	k	d_bposd	fom	l	m	A	B
336	20	32	60.9524	14	12	x^1*y^6+x^6*y^5+x^12*y^7	x^3*y^10+x^5*y^2+x^9*y^0
780	16	50	51.2821	39	10	x^2*y^4+x^17*y^2+x^25*y^8	x^1*y^1+x^12*y^9+x^24*y^3
720	16	48	51.2000	12	30	x^2*y^18+x^10*y^6+x^10*y^26	x^7*y^0+x^7*y^2+x^7*y^19
528	16	40	48.4848	22	12	x^8*y^5+x^10*y^3+x^19*y^7	x^2*y^7+x^11*y^11+x^20*y^9
384	16	34	48.1667	8	24	x^1*y^2+x^6*y^16+x^7*y^6	x^4*y^9+x^6*y^13+x^6*y^17
288	16	28	43.5556	36	4	x^5*y^1+x^9*y^3+x^13*y^3	x^24*y^0+x^26*y^3+x^28*y^1
432	16	34	42.8148	36	6	x^4*y^2+x^12*y^3+x^34*y^3	x^9*y^2+x^11*y^3+x^23*y^2
540	16	38	42.7852	15	18	x^3*y^7+x^4*y^7+x^14*y^7	x^3*y^14+x^13*y^10+x^14*y^0
960	16	50	41.6667	24	20	x^7*y^1+x^8*y^16+x^9*y^11	x^2*y^3+x^7*y^12+x^23*y^16
840	16	46	40.3048	14	30	x^5*y^17+x^9*y^28+x^11*y^14	x^5*y^0+x^5*y^13+x^9*y^6
600	16	38	38.5067	60	5	x^17*y^2+x^31*y^0+x^57*y^2	x^0*y^4+x^36*y^0+x^40*y^1
720	12	48	38.4000	12	30	x^1*y^7+x^5*y^0+x^9*y^14	x^6*y^23+x^7*y^28+x^11*y^0
784	12	50	38.2653	28	14	x^5*y^3+x^9*y^7+x^26*y^8	x^6*y^12+x^16*y^6+x^21*y^3
324	12	32	37.9259	18	9	x^5*y^1+x^11*y^1+x^15*y^8	x^7*y^8+x^12*y^7+x^16*y^5
812	12	50	36.9458	58	7	x^28*y^0+x^38*y^2+x^48*y^3	x^8*y^3+x^24*y^4+x^56*y^1
294	12	30	36.7347	7	21	x^1*y^10+x^4*y^15+x^5*y^13	x^4*y^11+x^4*y^13+x^4*y^17
896	12	52	36.2143	28	16	x^14*y^15+x^16*y^11+x^20*y^0	x^3*y^15+x^9*y^9+x^19*y^3
300	16	26	36.0533	5	30	x^1*y^27+x^3*y^7+x^4*y^25	x^1*y^22+x^2*y^14+x^3*y^22
588	12	42	36.0000	7	42	x^0*y^6+x^2*y^8+x^5*y^37	x^4*y^19+x^4*y^20+x^4*y^38
560	12	40	34.2857	40	7	x^7*y^3+x^11*y^0+x^17*y^1	x^6*y^5+x^8*y^3+x^28*y^2
810	12	48	34.1333	15	27	x^9*y^18+x^11*y^12+x^13*y^15	x^7*y^3+x^10*y^24+x^14*y^21
686	12	44	33.8659	7	49	x^0*y^37+x^2*y^13+x^3*y^8	x^0*y^34+x^1*y^7+x^2*y^11
288	12	28	32.6667	12	12	x^2*y^1+x^6*y^0+x^7*y^6	x^3*y^4+x^4*y^0+x^5*y^5
496	10	40	32.2581	31	8	x^13*y^6+x^19*y^7+x^29*y^3	x^14*y^0+x^20*y^0+x^30*y^1
840	10	52	32.1905	12	35	x^3*y^22+x^7*y^10+x^11*y^25	x^9*y^7+x^10*y^3+x^11*y^16
336	12	30	32.1429	6	28	x^2*y^14+x^4*y^12+x^5*y^18	x^0*y^24+x^2*y^4+x^3*y^6
392	12	32	31.3469	7	28	x^0*y^11+x^2*y^13+x^4*y^20	x^1*y^18+x^5*y^3+x^6*y^15
616	12	40	31.1688	22	14	x^4*y^7+x^10*y^11+x^10*y^13	x^4*y^1+x^9*y^12+x^11*y^7
448	12	34	30.9643	56	4	x^13*y^2+x^32*y^2+x^42*y^3	x^20*y^0+x^38*y^2+x^54*y^2
756	10	48	30.4762	21	18	x^3*y^5+x^16*y^14+x^19*y^13	x^1*y^2+x^4*y^3+x^16*y^4
270	12	26	30.0444	45	3	x^21*y^2+x^33*y^1+x^40*y^1	x^21*y^2+x^31*y^2+x^41*y^2
644	12	40	29.8137	23	14	x^2*y^8+x^4*y^4+x^11*y^2	x^11*y^3+x^12*y^13+x^21*y^11
792	16	38	29.1717	33	12	x^3*y^7+x^16*y^7+x^23*y^3	x^2*y^5+x^3*y^9+x^22*y^1
672	12	40	28.5714	42	8	x^5*y^3+x^13*y^6+x^17*y^0	x^7*y^5+x^9*y^2+x^17*y^3
144	16	16	28.4444	24	3	x^2*y^2+x^6*y^2+x^18*y^1	x^4*y^0+x^4*y^1+x^8*y^0
490	12	34	28.3102	7	35	x^2*y^24+x^4*y^29+x^5*y^32	x^0*y^0+x^1*y^11+x^5*y^34
840	12	44	27.6571	10	42	x^2*y^26+x^4*y^9+x^4*y^24	x^0*y^12+x^0*y^29+x^8*y^34
504	12	34	27.5238	36	7	x^3*y^5+x^19*y^2+x^21*y^4	x^0*y^6+x^22*y^2+x^34*y^1
630	12	38	27.5048	15	21	x^0*y^10+x^2*y^8+x^13*y^12	x^1*y^18+x^2*y^17+x^9*y^4
168	18	16	27.4286	2	42	x^0*y^4+x^1*y^13+x^1*y^28	x^0*y^25+x^0*y^37+x^0*y^40
336	10	30	26.7857	3	56	x^0*y^11+x^1*y^15+x^2*y^44	x^0*y^19+x^1*y^24+x^2*y^44
240	16	20	26.6667	6	20	x^1*y^4+x^4*y^10+x^5*y^2	x^3*y^10+x^5*y^12+x^5*y^18
546	10	38	26.4469	13	21	x^4*y^0+x^8*y^8+x^9*y^19	x^2*y^13+x^3*y^8+x^7*y^9
308	12	26	26.3377	14	11	x^1*y^6+x^9*y^9+x^11*y^5	x^0*y^2+x^8*y^9+x^10*y^5
476	12	32	25.8151	7	34	x^2*y^6+x^4*y^2+x^5*y^28	x^2*y^16+x^4*y^10+x^5*y^32
600	8	44	25.8133	60	5	x^6*y^3+x^15*y^1+x^40*y^2	x^26*y^3+x^28*y^1+x^53*y^4
840	8	52	25.7524	42	10	x^20*y^5+x^34*y^9+x^39*y^6	x^0*y^9+x^16*y^3+x^23*y^6
504	10	36	25.7143	21	12	x^0*y^4+x^1*y^5+x^10*y^3	x^1*y^8+x^2*y^7+x^4*y^0
360	8	34	25.6889	6	30	x^0*y^1+x^1*y^20+x^2*y^0	x^1*y^4+x^3*y^15+x^4*y^29
720	8	48	25.6000	15	24	x^0*y^2+x^0*y^3+x^5*y^16	x^6*y^7+x^12*y^13+x^14*y^2
552	8	42	25.5652	6	46	x^1*y^26+x^2*y^22+x^3*y^11	x^3*y^31+x^4*y^17+x^5*y^4
756	12	40	25.3968	9	42	x^1*y^22+x^4*y^13+x^7*y^37	x^1*y^21+x^1*y^35+x^6*y^28
504	8	40	25.3968	6	42	x^1*y^21+x^1*y^38+x^1*y^40	x^0*y^27+x^1*y^34+x^2*y^2
324	8	32	25.2840	6	27	x^2*y^1+x^2*y^14+x^5*y^3	x^0*y^22+x^1*y^2+x^5*y^0
864	8	52	25.0370	12	36	x^5*y^20+x^6*y^32+x^10*y^9	x^0*y^34+x^5*y^8+x^10*y^3
288	8	30	25.0000	18	8	x^4*y^6+x^12*y^3+x^17*y^5	x^0*y^5+x^4*y^4+x^11*y^3
936	8	54	24.9231	18	26	x^5*y^8+x^9*y^14+x^13*y^7	x^7*y^13+x^15*y^7+x^17*y^2
330	8	32	24.8242	5	33	x^4*y^2+x^4*y^27+x^4*y^28	x^0*y^29+x^1*y^8+x^3*y^3
624	8	44	24.8205	12	26	x^0*y^4+x^1*y^20+x^8*y^9	x^5*y^16+x^7*y^24+x^9*y^6
714	10	42	24.7059	51	7	x^2*y^5+x^27*y^3+x^37*y^2	x^4*y^0+x^14*y^2+x^24*y^6
810	8	50	24.6914	27	15	x^0*y^4+x^1*y^1+x^10*y^12	x^14*y^10+x^24*y^10+x^25*y^0
280	12	24	24.6857	4	35	x^2*y^25+x^2*y^29+x^2*y^30	x^1*y^15+x^1*y^34+x^3*y^26
588	10	38	24.5578	21	14	x^2*y^3+x^12*y^3+x^13*y^5	x^8*y^4+x^12*y^3+x^16*y^11
576	8	42	24.5000	36	8	x^12*y^6+x^23*y^7+x^31*y^0	x^30*y^1+x^34*y^6+x^35*y^5
336	8	32	24.3810	28	6	x^14*y^2+x^22*y^1+x^23*y^0	x^14*y^1+x^15*y^2+x^17*y^3
960	8	54	24.3000	8	60	x^2*y^24+x^7*y^8+x^7*y^46	x^2*y^37+x^3*y^39+x^6*y^53
828	8	50	24.1546	46	9	x^17*y^4+x^35*y^5+x^41*y^0	x^19*y^4+x^43*y^2+x^45*y^0
480	8	38	24.0667	4	60	x^2*y^2+x^2*y^7+x^3*y^12	x^0*y^16+x^2*y^35+x^3*y^4
900	8	52	24.0356	30	15	x^1*y^14+x^11*y^13+x^20*y^11	x^3*y^7+x^8*y^12+x^29*y^7
300	8	30	24.0000	10	15	x^1*y^12+x^8*y^11+x^9*y^0	x^6*y^10+x^7*y^11+x^8*y^14
768	8	48	24.0000	12	32	x^2*y^14+x^4*y^22+x^6*y^20	x^7*y^18+x^8*y^7+x^9*y^29
972	8	54	24.0000	27	18	x^10*y^3+x^13*y^13+x^19*y^5	x^11*y^4+x^17*y^2+x^18*y^14
432	8	36	24.0000	36	6	x^1*y^5+x^11*y^5+x^15*y^3	x^1*y^2+x^8*y^0+x^18*y^5
648	8	44	23.9012	54	6	x^8*y^0+x^9*y^4+x^27*y^3	x^17*y^5+x^26*y^0+x^50*y^1
984	8	54	23.7073	12	41	x^1*y^8+x^3*y^25+x^11*y^34	x^3*y^28+x^7*y^26+x^11*y^40
980	12	44	23.7061	35	14	x^4*y^8+x^13*y^0+x^20*y^9	x^1*y^0+x^5*y^9+x^19*y^5
540	8	40	23.7037	18	15	x^1*y^4+x^3*y^2+x^7*y^5	x^4*y^5+x^8*y^1+x^13*y^12
660	8	44	23.4667	11	30	x^9*y^16+x^10*y^11+x^10*y^21	x^0*y^23+x^4*y^29+x^9*y^6
450	8	36	23.0400	15	15	x^4*y^12+x^5*y^4+x^8*y^7	x^1*y^8+x^2*y^5+x^8*y^4
294	10	26	22.9932	21	7	x^5*y^3+x^7*y^4+x^18*y^5	x^6*y^1+x^11*y^6+x^16*y^6
252	10	24	22.8571	6	21	x^2*y^1+x^2*y^5+x^4*y^13	x^1*y^20+x^2*y^18+x^3*y^10
180	16	16	22.7556	6	15	x^0*y^5+x^0*y^12+x^4*y^14	x^2*y^1+x^2*y^7+x^2*y^14
510	8	38	22.6510	15	17	x^1*y^16+x^4*y^6+x^5*y^12	x^0*y^14+x^7*y^2+x^13*y^11
630	8	42	22.4000	45	7	x^11*y^3+x^37*y^0+x^40*y^5	x^0*y^1+x^3*y^3+x^4*y^3
864	12	40	22.2222	12	36	x^0*y^11+x^2*y^5+x^9*y^8	x^5*y^5+x^6*y^11+x^11*y^17
912	8	50	21.9298	12	38	x^0*y^37+x^10*y^24+x^11*y^22	x^8*y^13+x^9*y^29+x^10*y^24
990	8	52	21.8505	9	55	x^2*y^17+x^4*y^19+x^7*y^15	x^0*y^5+x^5*y^19+x^6*y^53
972	12	42	21.7778	9	54	x^2*y^9+x^5*y^45+x^8*y^28	x^0*y^31+x^3*y^25+x^6*y^40
924	8	50	21.6450	21	22	x^0*y^12+x^16*y^12+x^20*y^0	x^5*y^15+x^9*y^21+x^16*y^3
186	10	20	21.5054	3	31	x^0*y^9+x^1*y^16+x^2*y^11	x^0*y^19+x^0*y^23+x^2*y^2
224	12	20	21.4286	56	2	x^11*y^0+x^29*y^0+x^45*y^1	x^5*y^0+x^15*y^1+x^35*y^0
336	18	20	21.4286	56	3	x^1*y^0+x^5*y^0+x^28*y^0	x^1*y^2+x^17*y^2+x^53*y^2
420	10	30	21.4286	6	35	x^1*y^27+x^2*y^25+x^3*y^24	x^0*y^22+x^1*y^2+x^2*y^18
216	8	24	21.3333	18	6	x^6*y^3+x^12*y^4+x^17*y^1	x^12*y^2+x^12*y^4+x^14*y^2
372	10	28	21.0753	6	31	x^2*y^19+x^2*y^22+x^5*y^11	x^2*y^5+x^2*y^20+x^4*y^11
342	8	30	21.0526	57	3	x^23*y^2+x^35*y^1+x^41*y^0	x^8*y^1+x^16*y^0+x^30*y^2
450	12	28	20.9067	15	15	x^1*y^12+x^7*y^5+x^10*y^13	x^6*y^0+x^6*y^10+x^9*y^2
750	8	44	20.6507	25	15	x^4*y^5+x^8*y^8+x^9*y^7	x^7*y^11+x^9*y^6+x^22*y^3
868	10	42	20.3226	31	14	x^7*y^9+x^26*y^7+x^27*y^2	x^0*y^8+x^19*y^13+x^20*y^11
532	12	30	20.3008	19	14	x^5*y^3+x^7*y^13+x^14*y^11	x^7*y^4+x^11*y^8+x^12*y^2
408	8	32	20.0784	34	6	x^6*y^3+x^12*y^1+x^26*y^5	x^4*y^3+x^17*y^1+x^18*y^2
270	8	26	20.0296	15	9	x^2*y^7+x^4*y^1+x^5*y^3	x^0*y^6+x^11*y^5+x^14*y^2
882	10	42	20.0000	21	21	x^6*y^13+x^12*y^15+x^20*y^4	x^9*y^13+x^13*y^18+x^17*y^20
540	12	30	20.0000	18	15	x^7*y^1+x^11*y^9+x^16*y^2	x^9*y^11+x^15*y^9+x^17*y^10
780	8	44	19.8564	15	26	x^0*y^22+x^4*y^16+x^8*y^8	x^2*y^13+x^3*y^9+x^4*y^17
196	12	18	19.8367	14	7	x^0*y^4+x^10*y^2+x^12*y^0	x^1*y^6+x^8*y^1+x^8*y^2
248	10	22	19.5161	4	31	x^0*y^22+x^1*y^18+x^2*y^8	x^0*y^8+x^1*y^25+x^3*y^4
420	8	32	19.5048	5	42	x^1*y^41+x^2*y^1+x^3*y^8	x^0*y^40+x^2*y^2+x^4*y^4
462	10	30	19.4805	11	21	x^1*y^3+x^1*y^7+x^6*y^2	x^1*y^2+x^9*y^3+x^9*y^7
714	6	48	19.3613	17	21	x^1*y^7+x^11*y^16+x^12*y^10	x^4*y^20+x^10*y^9+x^14*y^1
558	12	30	19.3548	9	31	x^1*y^19+x^4*y^2+x^7*y^13	x^1*y^21+x^4*y^30+x^7*y^1
448	6	38	19.3393	7	32	x^0*y^23+x^4*y^27+x^6*y^0	x^0*y^15+x^2*y^23+x^3*y^9
840	6	52	19.3143	60	7	x^39*y^3+x^50*y^6+x^54*y^4	x^3*y^1+x^12*y^0+x^26*y^3
602	6	44	19.2957	43	7	x^8*y^6+x^12*y^1+x^27*y^5	x^9*y^5+x^26*y^1+x^27*y^6
658	6	46	19.2948	47	7	x^5*y^5+x^9*y^6+x^13*y^3	x^8*y^6+x^11*y^4+x^18*y^0
280	6	30	19.2857	28	5	x^3*y^1+x^7*y^0+x^8*y^3	x^4*y^1+x^6*y^4+x^24*y^1
168	10	18	19.2857	7	12	x^2*y^0+x^3*y^5+x^5*y^10	x^2*y^5+x^3*y^9+x^5*y^4
240	8	24	19.2000	2	60	x^0*y^58+x^1*y^6+x^1*y^29	x^1*y^4+x^1*y^12+x^1*y^26
406	6	36	19.1527	29	7	x^0*y^3+x^14*y^4+x^24*y^1	x^5*y^5+x^6*y^6+x^27*y^3
784	6	50	19.1327	14	28	x^8*y^1+x^11*y^16+x^12*y^4	x^2*y^17+x^9*y^26+x^11*y^9
322	6	32	19.0807	23	7	x^6*y^2+x^15*y^5+x^22*y^3	x^0*y^4+x^11*y^3+x^11*y^6
728	12	34	19.0549	26	14	x^7*y^3+x^13*y^9+x^22*y^12	x^1*y^1+x^8*y^0+x^12*y^10
504	6	40	19.0476	7	36	x^0*y^24+x^2*y^0+x^3*y^3	x^0*y^11+x^1*y^24+x^5*y^23
210	10	20	19.0476	7	15	x^1*y^13+x^3*y^0+x^4*y^11	x^0*y^8+x^2*y^6+x^3*y^7
252	12	20	19.0476	6	21	x^1*y^1+x^2*y^12+x^3*y^11	x^0*y^16+x^4*y^18+x^5*y^11
672	8	40	19.0476	28	12	x^17*y^11+x^25*y^4+x^27*y^3	x^8*y^8+x^22*y^9+x^24*y^10
648	12	32	18.9630	12	27	x^5*y^6+x^6*y^21+x^11*y^0	x^0*y^1+x^2*y^7+x^10*y^13
162	12	16	18.9630	3	27	x^0*y^1+x^0*y^23+x^0*y^24	x^2*y^1+x^2*y^6+x^2*y^8
924	6	54	18.9351	11	42	x^4*y^15+x^7*y^23+x^7*y^39	x^3*y^39+x^10*y^28+x^10*y^33
560	6	42	18.9000	35	8	x^0*y^4+x^4*y^5+x^5*y^4	x^4*y^1+x^19*y^2+x^21*y^3
672	6	46	18.8929	6	56	x^1*y^3+x^2*y^47+x^5*y^23	x^1*y^22+x^3*y^49+x^4*y^31
612	8	38	18.8758	18	17	x^8*y^12+x^10*y^8+x^12*y^13	x^1*y^15+x^3*y^12+x^17*y^8
462	6	38	18.7532	33	7	x^5*y^5+x^18*y^3+x^27*y^2	x^8*y^2+x^26*y^0+x^28*y^6
420	6	36	18.5143	7	30	x^1*y^18+x^3*y^12+x^4*y^11	x^2*y^4+x^4*y^13+x^5*y^13
812	6	50	18.4729	58	7	x^13*y^2+x^27*y^0+x^56*y^6	x^1*y^2+x^37*y^4+x^47*y^1
574	6	42	18.4390	7	41	x^0*y^18+x^2*y^20+x^3*y^27	x^2*y^6+x^4*y^28+x^5*y^26
882	6	52	18.3946	21	21	x^2*y^3+x^4*y^19+x^19*y^7	x^3*y^16+x^4*y^16+x^15*y^4
294	6	30	18.3673	7	21	x^3*y^12+x^3*y^16+x^6*y^8	x^0*y^6+x^5*y^6+x^5*y^16
378	6	34	18.3492	7	27	x^0*y^21+x^1*y^26+x^5*y^20	x^1*y^5+x^2*y^8+x^6*y^17
336	6	32	18.2857	7	24	x^1*y^12+x^2*y^5+x^6*y^10	x^2*y^2+x^4*y^16+x^5*y^4
168	12	16	18.2857	28	3	x^2*y^1+x^4*y^2+x^8*y^2	x^6*y^0+x^8*y^1+x^12*y^0
756	6	48	18.2857	54	7	x^7*y^2+x^10*y^1+x^34*y^4	x^30*y^2+x^38*y^6+x^47*y^0
252	8	24	18.2857	21	6	x^0*y^4+x^10*y^0+x^17*y^5	x^3*y^2+x^16*y^0+x^17*y^1
476	6	38	18.2017	7	34	x^0*y^3+x^4*y^20+x^6*y^12	x^0*y^17+x^4*y^7+x^6*y^19
532	6	40	18.0451	7	38	x^1*y^0+x^5*y^12+x^6*y^33	x^1*y^21+x^2*y^16+x^4*y^23
588	6	42	18.0000	42	7	x^9*y^6+x^10*y^5+x^31*y^1	x^5*y^6+x^27*y^5+x^33*y^0
770	6	48	17.9532	35	11	x^8*y^8+x^11*y^1+x^17*y^0	x^0*y^4+x^32*y^2+x^34*y^1
980	6	54	17.8531	14	35	x^5*y^22+x^9*y^6+x^9*y^31	x^6*y^3+x^9*y^26+x^11*y^16
792	8	42	17.8182	12	33	x^4*y^30+x^6*y^1+x^6*y^11	x^3*y^10+x^5*y^5+x^7*y^12
180	8	20	17.7778	5	18	x^0*y^5+x^1*y^2+x^3*y^15	x^4*y^4+x^4*y^5+x^4*y^15
392	6	34	17.6939	14	14	x^0*y^10+x^1*y^5+x^1*y^9	x^3*y^6+x^7*y^5+x^13*y^8
490	6	38	17.6816	35	7	x^11*y^0+x^23*y^3+x^28*y^0	x^10*y^1+x^16*y^3+x^21*y^6
882	12	36	17.6327	21	21	x^7*y^11+x^8*y^15+x^10*y^2	x^3*y^8+x^13*y^7+x^15*y^13
588	8	36	17.6327	7	42	x^3*y^6+x^4*y^20+x^6*y^10	x^0*y^12+x^4*y^2+x^6*y^28
308	6	30	17.5325	22	7	x^0*y^4+x^1*y^0+x^11*y^5	x^2*y^1+x^2*y^3+x^11*y^0
528	8	34	17.5152	12	22	x^3*y^11+x^10*y^7+x^11*y^15	x^0*y^3+x^1*y^21+x^11*y^13
594	8	36	17.4545	9	33	x^0*y^11+x^7*y^30+x^8*y^28	x^1*y^1+x^7*y^27+x^7*y^32
728	6	46	17.4396	13	28	x^1*y^13+x^2*y^21+x^9*y^18	x^3*y^2+x^5*y^22+x^6*y^20
798	6	48	17.3233	19	21	x^10*y^3+x^10*y^16+x^16*y^5	x^4*y^1+x^13*y^11+x^14*y^2
616	6	42	17.1818	14	22	x^5*y^7+x^9*y^16+x^11*y^1	x^5*y^2+x^10*y^2+x^13*y^14
180	12	16	17.0667	15	6	x^12*y^5+x^13*y^2+x^14*y^2	x^0*y^5+x^1*y^2+x^5*y^2
952	6	52	17.0420	34	14	x^14*y^8+x^15*y^6+x^31*y^5	x^15*y^6+x^21*y^7+x^29*y^2
238	6	26	17.0420	7	17	x^1*y^12+x^2*y^15+x^6*y^12	x^0*y^5+x^4*y^1+x^6*y^3
686	6	44	16.9329	7	49	x^1*y^0+x^4*y^30+x^6*y^31	x^1*y^21+x^1*y^27+x^6*y^20
630	6	42	16.8000	21	15	x^0*y^9+x^8*y^6+x^17*y^7	x^6*y^11+x^17*y^7+x^18*y^0
896	6	50	16.7411	28	16	x^11*y^0+x^17*y^15+x^22*y^10	x^7*y^8+x^8*y^12+x^26*y^12
518	6	38	16.7259	7	37	x^0*y^35+x^2*y^24+x^6*y^35	x^2*y^26+x^3*y^6+x^5*y^10
96	16	10	16.6667	24	2	x^18*y^0+x^20*y^1+x^22*y^0	x^7*y^0+x^15*y^0+x^17*y^1
378	8	28	16.5926	21	9	x^7*y^0+x^11*y^7+x^18*y^5	x^0*y^5+x^4*y^4+x^20*y^0
910	6	50	16.4835	13	35	x^5*y^6+x^5*y^25+x^11*y^17	x^8*y^7+x^8*y^18+x^10*y^19
210	6	24	16.4571	7	15	x^0*y^3+x^1*y^11+x^5*y^7	x^1*y^6+x^3*y^1+x^4*y^7
144	12	14	16.3333	12	6	x^1*y^5+x^4*y^0+x^10*y^1	x^4*y^5+x^5*y^3+x^9*y^4
124	10	14	15.8065	31	2	x^5*y^0+x^9*y^1+x^22*y^1	x^10*y^1+x^16*y^0+x^26*y^1
350	6	30	15.4286	35	5	x^0*y^3+x^18*y^2+x^33*y^4	x^0*y^3+x^4*y^2+x^26*y^1
700	12	30	15.4286	25	14	x^1*y^12+x^10*y^6+x^20*y^8	x^4*y^2+x^4*y^10+x^14*y^12
468	8	30	15.3846	39	6	x^15*y^1+x^27*y^2+x^36*y^0	x^14*y^2+x^21*y^2+x^31*y^5
378	12	22	15.3651	21	9	x^4*y^5+x^6*y^0+x^13*y^4	x^2*y^1+x^3*y^8+x^8*y^7
756	8	38	15.2804	18	21	x^1*y^9+x^5*y^5+x^11*y^0	x^5*y^0+x^9*y^18+x^11*y^7
266	6	26	15.2481	7	19	x^2*y^3+x^3*y^11+x^5*y^14	x^1*y^15+x^2*y^9+x^4*y^13
684	8	36	15.1579	6	57	x^2*y^22+x^4*y^52+x^4*y^54	x^1*y^29+x^1*y^52+x^5*y^47
364	6	30	14.8352	13	14	x^2*y^2+x^6*y^6+x^11*y^1	x^3*y^10+x^4*y^13+x^10*y^5
196	6	22	14.8163	14	7	x^2*y^6+x^4*y^3+x^6*y^1	x^9*y^5+x^10*y^2+x^11*y^0
372	8	26	14.5376	31	6	x^8*y^2+x^18*y^0+x^23*y^4	x^0*y^5+x^4*y^3+x^6*y^1
546	6	36	14.2418	7	39	x^1*y^13+x^5*y^0+x^6*y^22	x^0*y^37+x^1*y^24+x^3*y^35
144	8	16	14.2222	24	3	x^10*y^1+x^18*y^1+x^20*y^1	x^2*y^0+x^9*y^2+x^22*y^1
54	12	8	14.2222	3	9	x^0*y^4+x^1*y^1+x^2*y^1	x^0*y^3+x^1*y^0+x^2*y^3
444	8	28	14.1261	37	6	x^8*y^3+x^10*y^5+x^11*y^1	x^18*y^4+x^26*y^0+x^35*y^2
516	8	30	13.9535	43	6	x^6*y^4+x^37*y^2+x^41*y^0	x^10*y^5+x^24*y^3+x^29*y^1
700	6	40	13.7143	35	10	x^6*y^7+x^14*y^8+x^18*y^5	x^25*y^5+x^28*y^4+x^34*y^8
150	8	16	13.6533	15	5	x^1*y^1+x^3*y^3+x^10*y^0	x^2*y^1+x^5*y^3+x^13*y^3
192	8	18	13.5000	6	16	x^1*y^11+x^2*y^3+x^3*y^10	x^1*y^5+x^2*y^1+x^3*y^2
360	12	20	13.3333	15	12	x^1*y^0+x^10*y^8+x^10*y^10	x^0*y^1+x^3*y^5+x^9*y^0
182	6	20	13.1868	7	13	x^0*y^9+x^1*y^9+x^5*y^1	x^0*y^5+x^2*y^10+x^3*y^3
198	8	18	13.0909	3	33	x^0*y^2+x^1*y^29+x^2*y^2	x^0*y^30+x^1*y^13+x^2*y^26
120	8	14	13.0667	5	12	x^0*y^7+x^1*y^9+x^4*y^0	x^1*y^5+x^2*y^9+x^3*y^8
224	6	22	12.9643	8	14	x^0*y^10+x^3*y^7+x^6*y^8	x^2*y^9+x^4*y^8+x^7*y^4
546	4	42	12.9231	21	13	x^7*y^4+x^12*y^10+x^14*y^8	x^6*y^11+x^10*y^10+x^11*y^0
714	4	48	12.9076	21	17	x^7*y^12+x^14*y^11+x^15*y^10	x^13*y^4+x^15*y^15+x^20*y^16
600	4	44	12.9067	30	10	x^5*y^0+x^9*y^5+x^28*y^2	x^12*y^8+x^23*y^9+x^28*y^0
972	4	56	12.9053	54	9	x^2*y^0+x^18*y^1+x^32*y^7	x^31*y^3+x^38*y^6+x^40*y^8
318	4	32	12.8805	53	3	x^14*y^1+x^39*y^2+x^41*y^0	x^3*y^2+x^36*y^0+x^52*y^1
840	4	52	12.8762	20	21	x^0*y^15+x^6*y^2+x^6*y^7	x^0*y^13+x^1*y^20+x^11*y^3
210	4	26	12.8762	3	35	x^0*y^31+x^1*y^17+x^2*y^28	x^0*y^15+x^1*y^27+x^2*y^26
360	4	34	12.8444	6	30	x^2*y^27+x^3*y^29+x^4*y^2	x^1*y^19+x^3*y^17+x^5*y^10
450	4	38	12.8356	9	25	x^3*y^21+x^4*y^10+x^5*y^2	x^0*y^4+x^4*y^24+x^8*y^14
660	4	46	12.8242	15	22	x^0*y^9+x^1*y^12+x^8*y^15	x^8*y^9+x^12*y^2+x^13*y^17
780	4	50	12.8205	15	26	x^0*y^18+x^5*y^0+x^13*y^17	x^7*y^13+x^9*y^24+x^11*y^12
720	4	48	12.8000	45	8	x^23*y^0+x^28*y^4+x^42*y^3	x^1*y^4+x^26*y^6+x^42*y^2
846	4	52	12.7849	9	47	x^1*y^23+x^5*y^40+x^6*y^16	x^3*y^44+x^4*y^6+x^8*y^3
552	4	42	12.7826	6	46	x^0*y^44+x^4*y^25+x^5*y^35	x^3*y^0+x^4*y^45+x^5*y^27
282	4	30	12.7660	3	47	x^0*y^27+x^1*y^16+x^2*y^34	x^0*y^31+x^1*y^18+x^2*y^37
984	4	56	12.7480	12	41	x^1*y^15+x^9*y^33+x^11*y^23	x^0*y^18+x^5*y^30+x^7*y^31
918	4	54	12.7059	27	17	x^8*y^6+x^16*y^10+x^18*y^9	x^7*y^14+x^18*y^5+x^26*y^2
408	4	36	12.7059	12	17	x^4*y^14+x^6*y^14+x^8*y^2	x^6*y^5+x^10*y^12+x^11*y^16
504	4	40	12.6984	14	18	x^2*y^1+x^3*y^2+x^8*y^15	x^4*y^5+x^9*y^12+x^13*y^1
726	4	48	12.6942	33	11	x^8*y^2+x^15*y^3+x^25*y^9	x^12*y^2+x^17*y^2+x^28*y^10
456	4	38	12.6667	57	4	x^33*y^3+x^38*y^3+x^40*y^2	x^1*y^2+x^30*y^0+x^41*y^0
612	4	44	12.6536	51	6	x^10*y^1+x^25*y^0+x^45*y^1	x^9*y^1+x^26*y^4+x^48*y^3
162	8	16	12.6420	3	27	x^1*y^5+x^1*y^7+x^1*y^18	x^0*y^25+x^1*y^1+x^2*y^10
324	4	32	12.6420	3	54	x^1*y^49+x^2*y^2+x^2*y^40	x^1*y^28+x^1*y^33+x^2*y^31
570	8	30	12.6316	15	19	x^3*y^1+x^5*y^9+x^11*y^5	x^1*y^9+x^6*y^3+x^11*y^2
792	4	50	12.6263	11	36	x^0*y^29+x^9*y^27+x^10*y^13	x^3*y^0+x^5*y^1+x^7*y^8
154	6	18	12.6234	11	7	x^5*y^3+x^6*y^5+x^7*y^6	x^1*y^4+x^2*y^1+x^4*y^3
924	4	54	12.6234	21	22	x^4*y^17+x^9*y^10+x^14*y^9	x^6*y^12+x^13*y^1+x^17*y^19
858	4	52	12.6061	33	13	x^19*y^8+x^23*y^3+x^30*y^12	x^24*y^3+x^29*y^10+x^31*y^3
672	4	46	12.5952	12	28	x^0*y^3+x^5*y^16+x^7*y^5	x^3*y^6+x^7*y^12+x^11*y^7
510	4	40	12.5490	17	15	x^2*y^7+x^4*y^6+x^11*y^2	x^1*y^14+x^5*y^7+x^11*y^6
798	4	50	12.5313	21	19	x^1*y^18+x^5*y^18+x^18*y^2	x^7*y^9+x^11*y^12+x^15*y^13
864	4	52	12.5185	8	54	x^1*y^40+x^6*y^42+x^6*y^53	x^4*y^36+x^5*y^44+x^6*y^46
216	4	26	12.5185	27	4	x^5*y^0+x^12*y^1+x^19*y^1	x^22*y^3+x^23*y^3+x^24*y^2
462	4	38	12.5022	11	21	x^1*y^10+x^9*y^11+x^9*y^15	x^0*y^8+x^7*y^1+x^10*y^12
288	4	30	12.5000	16	9	x^4*y^5+x^7*y^0+x^14*y^4	x^2*y^7+x^4*y^6+x^9*y^8
738	4	48	12.4878	41	9	x^9*y^7+x^17*y^5+x^23*y^0	x^3*y^4+x^28*y^3+x^39*y^8
936	4	54	12.4615	39	12	x^1*y^7+x^22*y^6+x^30*y^6	x^31*y^2+x^33*y^11+x^36*y^1
252	4	28	12.4444	9	14	x^6*y^7+x^7*y^12+x^8*y^8	x^3*y^5+x^5*y^5+x^7*y^0
870	4	52	12.4322	15	29	x^3*y^21+x^4*y^4+x^11*y^9	x^4*y^4+x^6*y^19+x^14*y^4
330	4	32	12.4121	33	5	x^7*y^1+x^11*y^4+x^15*y^4	x^3*y^4+x^8*y^1+x^31*y^1
624	4	44	12.4103	12	26	x^0*y^5+x^8*y^0+x^10*y^1	x^6*y^25+x^10*y^18+x^11*y^6
468	12	22	12.4103	18	13	x^4*y^7+x^10*y^3+x^16*y^2	x^0*y^1+x^12*y^4+x^15*y^3
570	4	42	12.3789	15	19	x^5*y^13+x^9*y^14+x^13*y^8	x^1*y^12+x^9*y^12+x^14*y^13
810	4	50	12.3457	45	9	x^6*y^3+x^34*y^3+x^43*y^1	x^5*y^4+x^12*y^1+x^35*y^3
420	4	36	12.3429	21	10	x^1*y^5+x^5*y^7+x^15*y^8	x^2*y^9+x^4*y^0+x^9*y^5
468	4	38	12.3419	39	6	x^10*y^0+x^12*y^4+x^24*y^5	x^27*y^3+x^31*y^2+x^38*y^1
630	4	44	12.2921	35	9	x^0*y^5+x^7*y^0+x^9*y^4	x^17*y^7+x^18*y^5+x^18*y^6
750	4	48	12.2880	25	15	x^14*y^0+x^15*y^14+x^20*y^13	x^5*y^13+x^18*y^3+x^20*y^11
882	4	52	12.2630	9	49	x^2*y^13+x^3*y^4+x^4*y^17	x^1*y^25+x^2*y^4+x^3*y^29
576	4	42	12.2500	48	6	x^23*y^5+x^36*y^5+x^47*y^4	x^6*y^0+x^9*y^4+x^25*y^1
294	4	30	12.2449	7	21	x^1*y^11+x^5*y^16+x^6*y^6	x^0*y^18+x^6*y^11+x^6*y^13
378	4	34	12.2328	9	21	x^0*y^1+x^4*y^1+x^5*y^10	x^3*y^13+x^5*y^4+x^7*y^20
336	4	32	12.1905	12	14	x^1*y^11+x^2*y^10+x^6*y^11	x^6*y^12+x^10*y^12+x^11*y^2
756	4	48	12.1905	18	21	x^1*y^14+x^2*y^18+x^8*y^14	x^16*y^1+x^16*y^20+x^17*y^17
258	4	28	12.1550	3	43	x^0*y^34+x^1*y^7+x^2*y^10	x^0*y^1+x^1*y^10+x^2*y^23
960	4	54	12.1500	12	40	x^3*y^0+x^7*y^3+x^8*y^2	x^3*y^23+x^4*y^17+x^5*y^6
528	4	40	12.1212	8	33	x^3*y^6+x^4*y^1+x^7*y^5	x^1*y^26+x^4*y^3+x^6*y^4
702	4	46	12.0570	9	39	x^1*y^26+x^2*y^3+x^4*y^3	x^6*y^5+x^7*y^27+x^8*y^22
384	4	34	12.0417	48	4	x^4*y^1+x^21*y^3+x^47*y^2	x^15*y^1+x^25*y^1+x^26*y^0
480	4	38	12.0333	60	4	x^49*y^0+x^51*y^3+x^56*y^0	x^5*y^2+x^28*y^1+x^36*y^1
900	4	52	12.0178	30	15	x^23*y^7+x^24*y^7+x^24*y^9	x^1*y^5+x^5*y^7+x^16*y^13
48	16	6	12.0000	12	2	x^2*y^0+x^6*y^1+x^10*y^0	x^0*y^1+x^4*y^1+x^8*y^1
588	4	42	12.0000	21	14	x^1*y^5+x^6*y^4+x^8*y^5	x^8*y^9+x^13*y^12+x^18*y^3
432	4	36	12.0000	18	12	x^4*y^8+x^8*y^9+x^9*y^9	x^5*y^7+x^12*y^6+x^13*y^4
192	16	12	12.0000	8	12	x^0*y^3+x^3*y^4+x^7*y^2	x^3*y^1+x^3*y^11+x^4*y^0
300	4	30	12.0000	15	10	x^0*y^4+x^2*y^0+x^13*y^1	x^1*y^8+x^2*y^2+x^6*y^7
768	4	48	12.0000	48	8	x^7*y^7+x^29*y^2+x^33*y^5	x^3*y^1+x^7*y^6+x^20*y^1
36	12	6	12.0000	6	3	x^0*y^2+x^1*y^2+x^2*y^2	x^0*y^1+x^2*y^1+x^4*y^1
342	4	32	11.9766	57	3	x^20*y^1+x^41*y^2+x^45*y^0	x^42*y^1+x^51*y^0+x^51*y^2
486	12	22	11.9506	9	27	x^3*y^22+x^7*y^24+x^8*y^8	x^3*y^24+x^5*y^13+x^7*y^2
648	4	44	11.9506	9	36	x^1*y^24+x^6*y^7+x^7*y^31	x^4*y^3+x^5*y^8+x^8*y^6
486	4	38	11.8848	27	9	x^1*y^1+x^17*y^6+x^20*y^8	x^0*y^5+x^2*y^6+x^17*y^7
594	4	42	11.8788	33	9	x^11*y^1+x^22*y^3+x^27*y^2	x^16*y^8+x^20*y^0+x^22*y^1
264	4	28	11.8788	44	3	x^3*y^2+x^31*y^1+x^34*y^0	x^19*y^0+x^20*y^2+x^37*y^1
456	8	26	11.8596	38	6	x^1*y^1+x^7*y^5+x^15*y^0	x^27*y^1+x^29*y^3+x^37*y^2
912	4	52	11.8596	12	38	x^2*y^1+x^3*y^34+x^7*y^9	x^4*y^13+x^6*y^21+x^11*y^22
228	4	26	11.8596	3	38	x^0*y^32+x^1*y^11+x^2*y^19	x^0*y^16+x^1*y^14+x^2*y^23
390	4	34	11.8564	39	5	x^6*y^0+x^16*y^4+x^32*y^1	x^4*y^1+x^20*y^0+x^24*y^2
540	4	40	11.8519	6	45	x^0*y^27+x^1*y^33+x^4*y^17	x^2*y^6+x^3*y^20+x^5*y^2
990	4	54	11.7818	9	55	x^2*y^42+x^3*y^52+x^7*y^52	x^4*y^26+x^5*y^0+x^6*y^10
348	4	32	11.7701	6	29	x^0*y^19+x^4*y^20+x^5*y^19	x^0*y^8+x^1*y^0+x^2*y^12
696	8	32	11.7701	6	58	x^1*y^44+x^2*y^27+x^3*y^25	x^0*y^9+x^2*y^11+x^4*y^23
306	4	30	11.7647	51	3	x^9*y^1+x^14*y^1+x^44*y^0	x^27*y^2+x^34*y^2+x^47*y^2
492	4	38	11.7398	41	6	x^29*y^2+x^29*y^4+x^36*y^3	x^9*y^3+x^38*y^4+x^40*y^2
396	4	34	11.6768	33	6	x^9*y^4+x^29*y^3+x^30*y^3	x^16*y^1+x^22*y^2+x^25*y^0
444	4	36	11.6757	37	6	x^4*y^3+x^10*y^1+x^32*y^2	x^0*y^1+x^30*y^0+x^33*y^5
930	4	52	11.6301	15	31	x^4*y^0+x^8*y^6+x^9*y^17	x^3*y^26+x^5*y^16+x^13*y^6
666	4	44	11.6276	37	9	x^11*y^8+x^13*y^6+x^17*y^1	x^3*y^6+x^8*y^5+x^24*y^4
826	6	40	11.6223	59	7	x^9*y^5+x^14*y^2+x^39*y^4	x^24*y^5+x^29*y^3+x^39*y^6
270	4	28	11.6148	15	9	x^4*y^7+x^12*y^6+x^14*y^2	x^1*y^1+x^1*y^2+x^12*y^1
168	6	18	11.5714	12	7	x^4*y^4+x^8*y^6+x^11*y^0	x^0*y^5+x^6*y^1+x^10*y^0
354	4	32	11.5706	59	3	x^3*y^1+x^36*y^0+x^52*y^2	x^3*y^2+x^51*y^1+x^54*y^0
234	4	26	11.5556	9	13	x^3*y^9+x^4*y^2+x^5*y^5	x^3*y^4+x^5*y^4+x^7*y^7
312	4	30	11.5385	3	52	x^0*y^51+x^1*y^16+x^2*y^16	x^0*y^12+x^1*y^44+x^2*y^14
252	6	22	11.5238	21	6	x^6*y^5+x^14*y^2+x^16*y^2	x^0*y^2+x^3*y^0+x^15*y^3
276	4	28	11.3623	3	46	x^0*y^11+x^1*y^37+x^2*y^9	x^0*y^16+x^1*y^29+x^2*y^15
564	4	40	11.3475	6	47	x^0*y^16+x^1*y^16+x^5*y^18	x^0*y^4+x^1*y^40+x^5*y^22
954	4	52	11.3375	53	9	x^2*y^2+x^28*y^6+x^30*y^7	x^8*y^8+x^19*y^7+x^32*y^0
636	8	30	11.3208	53	6	x^1*y^4+x^26*y^2+x^36*y^0	x^14*y^4+x^45*y^0+x^47*y^2
816	4	48	11.2941	51	8	x^9*y^7+x^25*y^7+x^26*y^5	x^41*y^0+x^43*y^1+x^48*y^1
240	4	26	11.2667	8	15	x^1*y^5+x^4*y^9+x^7*y^1	x^4*y^7+x^4*y^11+x^5*y^6
516	4	38	11.1938	6	43	x^0*y^18+x^4*y^28+x^5*y^2	x^3*y^24+x^4*y^12+x^5*y^35
828	4	48	11.1304	23	18	x^10*y^1+x^18*y^12+x^22*y^14	x^1*y^4+x^16*y^8+x^18*y^9
348	8	22	11.1264	58	3	x^31*y^2+x^45*y^1+x^57*y^0	x^0*y^0+x^6*y^2+x^22*y^1
174	4	22	11.1264	3	29	x^0*y^0+x^1*y^3+x^2*y^19	x^0*y^23+x^1*y^14+x^2*y^21
564	8	28	11.1206	6	47	x^0*y^41+x^2*y^4+x^4*y^36	x^1*y^11+x^3*y^24+x^5*y^33
432	12	20	11.1111	36	6	x^2*y^3+x^7*y^2+x^33*y^4	x^17*y^5+x^30*y^0+x^34*y^1
636	4	42	11.0943	53	6	x^2*y^3+x^3*y^4+x^30*y^2	x^15*y^3+x^30*y^4+x^48*y^5
372	4	32	11.0108	31	6	x^1*y^3+x^10*y^1+x^18*y^5	x^14*y^0+x^14*y^1+x^27*y^5
246	4	26	10.9919	3	41	x^0*y^39+x^1*y^38+x^2*y^30	x^0*y^1+x^1*y^19+x^2*y^30
774	4	46	10.9354	43	9	x^8*y^2+x^28*y^4+x^30*y^0	x^8*y^7+x^12*y^8+x^33*y^0
180	4	22	10.7556	18	5	x^9*y^4+x^11*y^3+x^16*y^2	x^7*y^4+x^12*y^4+x^17*y^2
112	12	10	10.7143	7	8	x^0*y^4+x^2*y^2+x^3*y^0	x^0*y^3+x^2*y^3+x^3*y^3
108	8	12	10.6667	9	6	x^1*y^0+x^7*y^1+x^7*y^2	x^2*y^2+x^3*y^5+x^7*y^2
900	12	28	10.4533	15	30	x^0*y^5+x^2*y^16+x^11*y^26	x^3*y^6+x^9*y^22+x^10*y^22
690	8	30	10.4348	15	23	x^0*y^22+x^1*y^4+x^4*y^13	x^0*y^1+x^3*y^10+x^14*y^15
186	4	22	10.4086	3	31	x^0*y^26+x^1*y^24+x^2*y^14	x^0*y^5+x^1*y^15+x^2*y^2
222	4	24	10.3784	3	37	x^0*y^16+x^1*y^6+x^2*y^13	x^0*y^19+x^1*y^27+x^2*y^10
558	10	24	10.3226	31	9	x^10*y^6+x^14*y^8+x^24*y^2	x^15*y^4+x^27*y^4+x^28*y^2
684	4	42	10.3158	57	6	x^11*y^2+x^15*y^4+x^34*y^0	x^2*y^4+x^28*y^1+x^56*y^0
192	4	22	10.0833	8	12	x^2*y^4+x^3*y^5+x^5*y^6	x^0*y^7+x^4*y^8+x^7*y^9
384	8	22	10.0833	4	48	x^0*y^25+x^1*y^21+x^2*y^11	x^0*y^36+x^1*y^22+x^1*y^44
414	4	32	9.8937	9	23	x^0*y^1+x^5*y^10+x^7*y^11	x^0*y^10+x^7*y^3+x^8*y^20
162	4	20	9.8765	27	3	x^0*y^2+x^4*y^1+x^5*y^1	x^6*y^1+x^16*y^2+x^26*y^1
264	8	18	9.8182	22	6	x^6*y^1+x^12*y^5+x^17*y^0	x^8*y^4+x^14*y^0+x^21*y^5
198	4	22	9.7778	33	3	x^7*y^2+x^18*y^0+x^22*y^1	x^4*y^2+x^11*y^0+x^17*y^1
396	8	22	9.7778	6	33	x^1*y^20+x^5*y^18+x^5*y^32	x^0*y^9+x^2*y^29+x^4*y^4
210	8	16	9.7524	5	21	x^1*y^18+x^2*y^6+x^4*y^19	x^0*y^1+x^2*y^14+x^4*y^10
644	6	32	9.5404	23	14	x^9*y^5+x^16*y^1+x^17*y^13	x^1*y^8+x^1*y^10+x^16*y^7
168	4	20	9.5238	12	7	x^1*y^1+x^5*y^4+x^6*y^5	x^2*y^0+x^7*y^0+x^9*y^1
204	4	22	9.4902	2	51	x^0*y^2+x^0*y^25+x^1*y^33	x^0*y^0+x^0*y^8+x^1*y^13
738	12	24	9.3659	41	9	x^18*y^2+x^32*y^5+x^38*y^8	x^18*y^3+x^22*y^0+x^24*y^6
742	6	34	9.3477	53	7	x^8*y^2+x^20*y^4+x^32*y^1	x^29*y^5+x^33*y^3+x^49*y^2
168	8	14	9.3333	6	14	x^1*y^5+x^3*y^5+x^5*y^9	x^0*y^12+x^4*y^3+x^5*y^13
558	4	36	9.2903	9	31	x^1*y^1+x^3*y^30+x^5*y^7	x^2*y^27+x^4*y^30+x^6*y^20
690	4	40	9.2754	15	23	x^1*y^6+x^2*y^11+x^12*y^17	x^5*y^19+x^12*y^17+x^13*y^14
420	12	18	9.2571	7	30	x^0*y^15+x^1*y^25+x^3*y^15	x^1*y^28+x^5*y^6+x^6*y^6
696	4	40	9.1954	6	58	x^0*y^42+x^1*y^30+x^2*y^11	x^2*y^27+x^3*y^47+x^4*y^35
126	8	12	9.1429	21	3	x^3*y^1+x^10*y^0+x^11*y^2	x^2*y^2+x^7*y^2+x^9*y^2
90	8	10	8.8889	3	15	x^0*y^14+x^1*y^11+x^2*y^14	x^2*y^5+x^2*y^6+x^2*y^10
522	4	34	8.8582	9	29	x^2*y^26+x^6*y^3+x^7*y^21	x^0*y^7+x^2*y^23+x^4*y^12
98	6	12	8.8163	7	7	x^0*y^2+x^5*y^0+x^5*y^2	x^4*y^5+x^5*y^3+x^5*y^4
198	12	12	8.7273	3	33	x^0*y^14+x^1*y^12+x^2*y^7	x^0*y^10+x^1*y^23+x^2*y^0
888	4	44	8.7207	12	37	x^0*y^26+x^2*y^27+x^7*y^26	x^5*y^25+x^9*y^36+x^10*y^12
150	4	18	8.6400	5	15	x^0*y^8+x^4*y^9+x^4*y^13	x^2*y^12+x^3*y^4+x^4*y^5
744	4	40	8.6022	31	12	x^4*y^10+x^10*y^9+x^14*y^11	x^10*y^0+x^15*y^8+x^28*y^7
140	12	10	8.5714	14	5	x^1*y^1+x^9*y^3+x^13*y^2	x^6*y^1+x^10*y^3+x^12*y^1
120	16	8	8.5333	10	6	x^2*y^2+x^3*y^1+x^9*y^5	x^2*y^0+x^6*y^4+x^8*y^4
140	6	14	8.4000	35	2	x^1*y^1+x^16*y^0+x^20*y^1	x^1*y^0+x^3*y^1+x^25*y^1
312	8	18	8.3077	26	6	x^6*y^2+x^10*y^0+x^18*y^4	x^8*y^4+x^20*y^5+x^24*y^3
156	4	18	8.3077	3	26	x^0*y^8+x^1*y^3+x^2*y^18	x^0*y^2+x^1*y^11+x^2*y^18
126	4	16	8.1270	21	3	x^3*y^2+x^17*y^2+x^19*y^0	x^2*y^1+x^6*y^1+x^13*y^0
216	12	12	8.0000	18	6	x^0*y^1+x^12*y^2+x^15*y^0	x^7*y^2+x^10*y^3+x^13*y^3
126	10	10	7.9365	3	21	x^0*y^3+x^0*y^4+x^2*y^13	x^1*y^1+x^1*y^2+x^1*y^18
492	8	22	7.8699	6	41	x^0*y^27+x^2*y^23+x^4*y^36	x^1*y^25+x^3*y^12+x^5*y^20
98	12	8	7.8367	7	7	x^0*y^2+x^4*y^3+x^5*y^6	x^3*y^1+x^4*y^5+x^6*y^6
132	4	16	7.7576	2	33	x^0*y^0+x^0*y^2+x^1*y^19	x^0*y^14+x^0*y^21+x^1*y^25
112	6	12	7.7143	8	7	x^3*y^1+x^3*y^3+x^6*y^4	x^3*y^3+x^4*y^5+x^5*y^6
816	8	28	7.6863	12	34	x^0*y^13+x^4*y^9+x^11*y^4	x^1*y^8+x^8*y^17+x^9*y^0
138	4	16	7.4203	23	3	x^5*y^2+x^19*y^0+x^20*y^1	x^0*y^0+x^17*y^1+x^19*y^2
108	4	14	7.2593	2	27	x^0*y^22+x^0*y^23+x^1*y^12	x^0*y^1+x^0*y^5+x^0*y^12
84	6	10	7.1429	3	14	x^0*y^10+x^0*y^12+x^2*y^13	x^0*y^3+x^0*y^12+x^1*y^13
108	12	8	7.1111	6	9	x^3*y^6+x^4*y^7+x^5*y^8	x^0*y^4+x^2*y^0+x^4*y^2
144	4	16	7.1111	6	12	x^2*y^1+x^3*y^0+x^4*y^1	x^0*y^6+x^1*y^8+x^2*y^5
72	8	8	7.1111	3	12	x^0*y^0+x^0*y^2+x^0*y^7	x^0*y^5+x^1*y^2+x^2*y^2
228	8	14	6.8772	3	38	x^0*y^4+x^1*y^0+x^2*y^28	x^0*y^29+x^1*y^35+x^2*y^21
114	4	14	6.8772	19	3	x^4*y^0+x^9*y^1+x^11*y^2	x^6*y^0+x^12*y^2+x^17*y^1
342	12	14	6.8772	57	3	x^0*y^1+x^14*y^1+x^37*y^1	x^9*y^1+x^16*y^1+x^35*y^1
56	6	8	6.8571	7	4	x^1*y^3+x^2*y^2+x^4*y^3	x^3*y^1+x^4*y^3+x^6*y^2
84	4	12	6.8571	21	2	x^0*y^1+x^1*y^1+x^14*y^0	x^1*y^1+x^12*y^0+x^17*y^1
126	6	12	6.8571	9	7	x^1*y^5+x^5*y^1+x^7*y^0	x^6*y^2+x^7*y^1+x^8*y^6
28	12	4	6.8571	2	7	x^0*y^2+x^0*y^4+x^0*y^5	x^1*y^0+x^1*y^4+x^1*y^6
378	10	16	6.7725	9	21	x^2*y^18+x^3*y^13+x^7*y^14	x^0*y^4+x^5*y^0+x^8*y^13
120	4	14	6.5333	15	4	x^0*y^0+x^4*y^1+x^11*y^2	x^2*y^1+x^4*y^2+x^9*y^3
708	4	34	6.5311	6	59	x^0*y^12+x^4*y^7+x^5*y^6	x^1*y^19+x^3*y^27+x^5*y^4
90	4	12	6.4000	3	15	x^0*y^3+x^1*y^7+x^2*y^1	x^0*y^10+x^1*y^13+x^2*y^14
66	4	10	6.0606	3	11	x^0*y^2+x^1*y^3+x^2*y^10	x^0*y^6+x^1*y^5+x^2*y^6
132	8	10	6.0606	2	33	x^1*y^11+x^1*y^22+x^1*y^30	x^0*y^0+x^0*y^25+x^0*y^26
96	4	12	6.0000	3	16	x^0*y^1+x^1*y^12+x^2*y^11	x^0*y^8+x^1*y^9+x^2*y^11
48	8	6	6.0000	6	4	x^0*y^2+x^4*y^3+x^5*y^2	x^0*y^1+x^4*y^0+x^5*y^1
102	4	12	5.6471	17	3	x^6*y^0+x^6*y^2+x^15*y^1	x^1*y^0+x^4*y^2+x^12*y^1
204	8	12	5.6471	34	3	x^23*y^0+x^23*y^1+x^27*y^2	x^2*y^1+x^18*y^0+x^26*y^2
306	12	12	5.6471	3	51	x^0*y^45+x^1*y^34+x^2*y^47	x^0*y^17+x^1*y^42+x^2*y^37
72	4	10	5.5556	4	9	x^2*y^3+x^2*y^7+x^3*y^8	x^0*y^6+x^2*y^1+x^2*y^8
434	6	20	5.5300	31	7	x^0*y^4+x^12*y^0+x^14*y^6	x^7*y^6+x^20*y^2+x^22*y^1
70	6	8	5.4857	7	5	x^0*y^1+x^2*y^3+x^6*y^1	x^3*y^3+x^4*y^0+x^6*y^4
96	8	8	5.3333	8	6	x^1*y^0+x^4*y^2+x^6*y^4	x^0*y^1+x^4*y^5+x^5*y^3
390	8	16	5.2513	39	5	x^0*y^3+x^2*y^1+x^11*y^0	x^7*y^2+x^8*y^1+x^14*y^3
888	8	24	5.1892	37	12	x^4*y^10+x^11*y^8+x^22*y^0	x^27*y^4+x^28*y^2+x^35*y^0
42	6	6	5.1429	3	7	x^0*y^5+x^2*y^3+x^2*y^6	x^0*y^3+x^2*y^0+x^2*y^2
84	12	6	5.1429	21	2	x^2*y^1+x^13*y^1+x^15*y^1	x^0*y^0+x^10*y^0+x^16*y^0
156	8	10	5.1282	26	3	x^2*y^2+x^6*y^0+x^14*y^1	x^4*y^1+x^14*y^2+x^24*y^0
78	4	10	5.1282	3	13	x^0*y^1+x^1*y^0+x^2*y^4	x^0*y^7+x^1*y^10+x^2*y^10
612	12	16	5.0196	34	9	x^5*y^7+x^6*y^1+x^10*y^4	x^5*y^5+x^10*y^2+x^26*y^8
30	4	6	4.8000	5	3	x^0*y^0+x^3*y^1+x^4*y^2	x^2*y^0+x^4*y^1+x^4*y^2
60	8	6	4.8000	2	15	x^0*y^10+x^0*y^11+x^0*y^12	x^0*y^1+x^0*y^3+x^0*y^8
54	4	8	4.7407	3	9	x^0*y^7+x^1*y^0+x^2*y^1	x^0*y^2+x^1*y^0+x^2*y^8
900	16	16	4.5511	30	15	x^8*y^7+x^24*y^9+x^26*y^1	x^12*y^3+x^12*y^7+x^16*y^10
60	4	8	4.2667	5	6	x^0*y^5+x^2*y^3+x^4*y^4	x^1*y^1+x^3*y^0+x^3*y^2
30	8	4	4.2667	5	3	x^0*y^0+x^2*y^1+x^4*y^0	x^2*y^0+x^3*y^2+x^4*y^0
36	4	6	4.0000	2	9	x^0*y^2+x^1*y^0+x^1*y^1	x^0*y^0+x^0*y^8+x^1*y^4
306	8	12	3.7647	51	3	x^1*y^2+x^10*y^1+x^28*y^0	x^10*y^1+x^17*y^1+x^39*y^1
36	8	4	3.5556	2	9	x^0*y^0+x^0*y^4+x^0*y^8	x^1*y^0+x^1*y^1+x^1*y^8
18	4	4	3.5556	3	3	x^0*y^0+x^0*y^1+x^2*y^1	x^0*y^0+x^0*y^1+x^1*y^0
84	8	6	3.4286	14	3	x^1*y^2+x^5*y^0+x^5*y^1	x^4*y^0+x^6*y^1+x^10*y^2
28	6	4	3.4286	7	2	x^2*y^0+x^4*y^0+x^5*y^0	x^0*y^0+x^1*y^0+x^5*y^1
56	12	4	3.4286	14	2	x^1*y^0+x^4*y^0+x^9*y^0	x^7*y^0+x^9*y^0+x^13*y^0
42	4	6	3.4286	3	7	x^0*y^0+x^1*y^5+x^2*y^0	x^0*y^2+x^1*y^6+x^2*y^1
234	8	10	3.4188	39	3	x^0*y^2+x^25*y^0+x^38*y^1	x^15*y^1+x^34*y^1+x^38*y^1
48	4	6	3.0000	3	8	x^0*y^5+x^1*y^2+x^2*y^6	x^0*y^0+x^1*y^5+x^2*y^4
576	12	12	3.0000	24	12	x^3*y^10+x^4*y^3+x^17*y^8	x^1*y^7+x^12*y^2+x^23*y^0
12	8	2	2.6667	3	2	x^0*y^0+x^1*y^0+x^2*y^0	x^0*y^1+x^1*y^1+x^2*y^1
24	4	4	2.6667	6	2	x^3*y^1+x^4*y^0+x^5*y^0	x^2*y^1+x^3*y^0+x^4*y^1
54	8	4	2.3704	3	9	x^0*y^3+x^1*y^2+x^2*y^1	x^0*y^3+x^1*y^7+x^2*y^5
90	12	4	2.1333	3	15	x^0*y^5+x^1*y^11+x^2*y^11	x^0*y^8+x^1*y^14+x^2*y^8
18	8	2	1.7778	3	3	x^0*y^2+x^1*y^0+x^2*y^1	x^0*y^2+x^1*y^2+x^2*y^2
630	10	10	1.5873	15	21	x^7*y^11+x^9*y^12+x^10*y^0	x^10*y^18+x^14*y^6+x^14*y^17
12	4	2	1.3333	3	2	x^0*y^0+x^1*y^1+x^2*y^0	x^0*y^0+x^1*y^1+x^2*y^1
24	8	2	1.3333	6	2	x^0*y^1+x^2*y^1+x^4*y^0	x^0*y^0+x^2*y^0+x^4*y^0
276	8	6	1.0435	6	23	x^1*y^4+x^3*y^15+x^5*y^0	x^1*y^15+x^3*y^3+x^5*y^14
966	6	4	0.0994	21	23	x^2*y^13+x^8*y^13+x^20*y^13	x^2*y^9+x^5*y^18+x^18*y^20
